ID,Domain,URL,Organization,Country,City,Industry,DA,DR,UR,Organic Traffic,Dofollow,Topical Relevance,Pune Relevance,Existing Competitor Links,Existing Kargar Link,Opportunity Type,Link Target,Suggested Anchor,Outreach Angle,Contact Route,Priority,Status,Notes
1,mcciapune.com,https://www.mcciapune.com/,Mahratta Chamber of Commerce Industries and Agriculture,India,Pune,Business association,Unavailable - no Moz/Ahrefs,Unavailable,Unavailable,Unavailable,Unknown - verify on join,High - real Pune business body est. 1934,Very high,Unknown,No,Association membership,Homepage or company-profile page,"Kargar Business Services / Kargar Facility Management",Genuine membership + directory listing as a real facility-management member,Membership application via mcciapune.com,P1,Not started,Requires actually joining as a member - real relationship not a link buy
2,dcciapune.org,https://dcciapune.org/,Dalit Indian Chamber of Commerce and Industry - Pune chapter,India,Pune,Business association,Unavailable,Unavailable,Unavailable,Unavailable,Unknown,Medium-high - active industrial belt chamber,Very high,Unknown,No,Association membership,Homepage,"Kargar Business Services",Genuine membership + member directory listing,Contact via dcciapune.org,P2,Not started,Verify current membership process
3,punemanagementassociation.org,https://punemanagementassociation.org/,Pune Management Association,India,Pune,Professional association,Unavailable,Unavailable,Unavailable,Unavailable,Unknown,Medium - general management body not FM-specific,Very high,Unknown,No,Association membership,Homepage,"Kargar Business Services",Professional-body membership,Contact via site,P3,Not started,Lower topical relevance than MCCIA/DCCIA
4,relationship-godrej,N/A - internal relationship,Godrej (Hillside-1 project),India,Pune,Real estate developer,N/A,N/A,N/A,N/A,N/A,Very high - verified real client,Very high,Unknown,No - relationship exists but no confirmed web link yet,Client relationship,Housekeeping or company-profile page,"Kargar facility management" / natural,Ask account contact whether Kargar can be named as vendor on any public project/vendor page,Existing account manager relationship,P1,Not started,Verified via logo-manifest.json (Official/Verified) - do not overstate beyond what this data confirms
5,relationship-kolte-patil,N/A - internal relationship,Kolte-Patil (KP Square / 24K Sereno),India,Pune,Real estate developer,N/A,N/A,N/A,N/A,N/A,Very high - verified real client,Very high,Unknown,No,Client relationship,Housekeeping or company-profile page,natural,Ask whether Kargar can be named/linked as FM vendor,Existing account relationship,P1,Not started,Verified via logo-manifest.json
6,relationship-rohan-builders,N/A - internal relationship,Rohan Builders (Rohan Ananta / Rohan Prathama),India,Pune,Real estate developer,N/A,N/A,N/A,N/A,N/A,High - verified real client,Very high,Unknown,No,Client relationship,Housekeeping page,natural,Vendor/case-study mention request,Existing account relationship,P2,Not started,Verified via logo-manifest.json
7,relationship-schools,N/A - internal relationship,"Mahindra International School / Wellington College / ISMS / Imperial Business College / Colours Innovation Academy / Vedh Vally World School",India,Pune,Education,N/A,N/A,N/A,N/A,N/A,Medium-high - verified real clients,Very high,Unknown,No,Client relationship,Housekeeping or company-profile page,natural,Vendor mention / testimonial page request,Existing account relationships,P2,Not started,Verified via logo-manifest.json - schools sector is genuinely differentiated content angle
8,linkedin.com,https://in.linkedin.com/company/kargar,Kargar (own company page),India,Pune,Own social profile,N/A,N/A,N/A,N/A,Yes (nofollow platform),High - own entity,High,N/A,Unconfirmed - verify sameAs link exists,Profile/reclamation,Homepage (sameAs schema),N/A - profile not anchor text,Add to Organization schema sameAs array (code change, needs approval),Self-owned,P1,Not started,Real existing profile found via live search - low SEO link value but correct entity-consistency fix
9,facebook.com,https://www.facebook.com/people/Kargar-Facility-and-Security-Services-PVT-LTD/100076064059281/,Kargar (own company page),India,Pune,Own social profile,N/A,N/A,N/A,N/A,Yes (nofollow platform),High - own entity,High,N/A,Unconfirmed,Profile/reclamation,Homepage (sameAs schema),N/A,Add to Organization schema sameAs array,Self-owned,P1,Not started,Real existing profile found via live search
10,kargar.co.in,https://www.kargar.co.in/,UNVERIFIED - ownership not confirmed,India,Pune,Own/unclear,N/A,N/A,N/A,N/A,Unknown,N/A,N/A,N/A,N/A,EXCLUDED - not pursued,N/A,N/A,No outreach/action of any kind until ownership independently confirmed,None - do not contact,REJECTED,Excluded per explicit instruction,See verification-followup.md section 1 - site unreachable when checked directly; only a third-party aggregator (ZoomInfo) shows a matching phone number; not confirmed; excluded from all acquisition activity until further notice
