ID,Organization,Official URL,Exact Opportunity URL,Opportunity Type,External Link Permitted,Page Indexable,Cost Model,Relevance to Kargar,Pune/Local Relevance,SEO Value,Business Value,Difficulty,Evidence URL,Recommended Target URL,Recommended Anchor/Context,Acquisition Method,Priority
1,CREDAI-Pune Metro,https://www.credaipune.org/,Unknown - no confirmed associate/vendor membership category found,Association membership,Unconfirmed - depends on membership category,Unknown,Membership-based (fee likely),Very high - Kargar's real clients are largely CREDAI-member developers,Very high,Metric unavailable with current access,High,Medium,https://www.credaipune.org/real-estate-property/credai-pune-metro-membership.html,Company-profile or housekeeping page,"Kargar Business Services" (member listing, not commercial anchor),Direct inquiry to CREDAI-Pune Metro about associate/vendor membership,P2
2,DCCIA Pune,https://dcciapune.org/,https://dcciapune.org/membership/,Association membership,Unconfirmed,Unknown,Membership-based,Medium-high - active industrial belt chamber,Very high,Metric unavailable with current access,Medium,Medium,https://dcciapune.org/membership/,Homepage or company-profile page,"Kargar Business Services",Review membership page directly then contact chamber,P2
3,Pune Management Association (PMA),https://punemanagementassociation.org/,Unknown,Association membership,Unconfirmed,Unknown,Membership-based,Medium - general management body not FM-specific,Very high,Metric unavailable with current access,Low-medium,Medium,https://punemanagementassociation.org/,Company-profile page,"Kargar Business Services",Contact via Training@PuneManagementAssociation.org,P3
4,Google Business Profile,https://business.google.com/,Existence for Kargar not confirmed,Citation/entity platform,Yes - standard GBP fields include website link,Yes - highly indexable and surfaces in Maps/local pack,Free,Very high - foundational local SEO asset,Very high,Metric unavailable with current access,Very high,Low (if verification straightforward) to Medium (address verification can take time),Internal check required - not found via public search in this pass,Homepage,N/A - not an anchor-text link, a profile field,Internal verification first: does a GBP already exist; if not, create and verify,P2
5,Justdial - Facility Management Services Pune,https://www.justdial.com/,https://www.justdial.com/Pune/Facility-Management-Services/nct-10198813,Business directory citation,Yes - standard directory listing includes website field,Yes - category page is indexed and ranks for local queries,Free tier available; paid promotion optional (not required),High - real competitors already listed in this exact category,Very high,Metric unavailable with current access,Low-medium,Low,https://www.justdial.com/Pune/Facility-Management-Services/nct-10198813,Homepage,"Kargar Business Services / Kargar Facility Management" (business name field, not commercial anchor),Create or claim listing with accurate NAP matching canonical domain,P2
6,Sulekha - Facility Management Services Pune,https://www.sulekha.com/,https://www.sulekha.com/facility-management-services/pune,Business directory citation,Yes,Yes - category page indexed,Free tier available,High - competitors listed in this category,Very high,Metric unavailable with current access,Low-medium,Low,https://www.sulekha.com/facility-management-services/pune,Homepage,Business name field only,Create or claim listing,P2
7,IndiaMART - Facility Management Services Pune,https://www.indiamart.com/,https://dir.indiamart.com/pune/facility-management-services.html,B2B directory citation,Yes,Yes - category page indexed,Free tier available; paid seller plans optional,High - India's largest B2B marketplace directory for this category,Very high,Metric unavailable with current access,Low-medium,Low,https://dir.indiamart.com/pune/facility-management-services.html,Homepage,Business name field only,Create or claim listing,P2
8,FMAI - Facility Management Association of India,http://fmaiglobal.com/,Unknown - site did not resolve when checked (DNS failure),Industry association,Unknown - could not verify site content,Unknown - site unreachable during this research,Unknown,High - national FM-industry body if genuinely active,Medium - Hyderabad HQ not Pune-based but national scope,Metric unavailable with current access,Medium-high if real,Medium - reachability itself unverified,https://www.linkedin.com/in/fmai-facility-management-association-of-india-353b19194/,Company-profile page,"Kargar Business Services",Retry reaching fmaiglobal.com later; verify via LinkedIn contact if site remains unreachable,P2
9,IFMA India,https://www.ifma.org.in/,Unknown - no confirmed Pune chapter,Professional/industry association,Unknown,Unknown,Membership/certification fees,"Medium - global professional body, certification-oriented not vendor-directory oriented",Low-medium - confirmed Mumbai chapter only,Metric unavailable with current access,Medium,Medium-high,https://pages.ifma.org/india,Company-profile page,"Kargar Business Services",Evaluate FMP certification/chapter membership fit before pursuing,P3
10,MRAM India Expo,https://mramindia.com/,Unknown - exhibitor/sponsor terms not reviewed in this pass,Industry event/exhibitor,Unknown,"N/A - event site, not a citation page",Paid (exhibitor/sponsor fees typical for expos),"Medium - industrial maintenance focus, tangential to core housekeeping-Pune intent",Medium - Mumbai/Bengaluru based not Pune-specific,Metric unavailable with current access,Medium - better fit for industrial-sector positioning,Medium-high (event costs),https://mramindia.com/,Company-profile page,N/A - sponsorship listing not anchor text,Evaluate exhibitor packages if industrial-sector visibility is a business goal,P3
11,ZoomInfo profile reclamation,https://www.zoominfo.com/,https://www.zoominfo.com/c/kargar-facility-and-security-services-pvt-ltd/1323339459,Reclamation - existing unclaimed profile,Yes - profile has an editable website field,Yes - profile page is indexed,Free claim/correction process,Medium - entity-consistency value only,High - already shows Pune/Kargar details,Metric unavailable with current access,Low,Low - but currently BLOCKED,https://www.zoominfo.com/c/kargar-facility-and-security-services-pvt-ltd/1323339459,Homepage,N/A - profile field not anchor text,HOLD - profile currently shows kargar.co.in as website field; do not claim/correct until that domain's ownership is resolved internally,P2 (blocked)
12,Tracxn profile reclamation,https://tracxn.com/,https://tracxn.com/d/companies/kargar-business-services/__vcCCRkzhc0aj5ku9julSQ3k1wef8ApN8_wi7GDEIcMs,Reclamation - existing unclaimed profile,Yes - profile has an editable website field,Yes - profile page is indexed,Free claim/correction process,Medium - entity-consistency value only,High,Metric unavailable with current access,Low,Low,https://tracxn.com/d/companies/kargar-business-services/__vcCCRkzhc0aj5ku9julSQ3k1wef8ApN8_wi7GDEIcMs,Homepage,N/A - profile field not anchor text,Claim/correct profile with canonical domain,P2
13,Pune Realty (punerealty.in),https://www.punerealty.in/,https://www.punerealty.in/news.html,Local real-estate news/marketing platform,Unconfirmed - primarily a developer marketing platform not an open editorial site,Yes - news section is indexed,Unknown - likely a paid real-estate marketing platform not a free press outlet,Low-medium - platform serves property developers/buyers, not FM vendors,High - Pune-specific,Metric unavailable with current access,Low - uncertain fit,Medium - unclear whether FM-vendor content would be accepted,https://www.punerealty.in/about.php,N/A - low-confidence fit,N/A,Do not pursue until fit is confirmed by directly asking the platform,P3
